Names,Prices,Images
BabyCat Gestación/Lactancia -- 400 Gr.,4.49 €,https://www.petsonic.com/16492-large_default/pienso-para-gatos-royal-canin-babycat-gestacion-lactancia.jpg
BabyCat Gestación/Lactancia -- 2 Kg.,14.49 €,https://www.petsonic.com/16492-large_default/pienso-para-gatos-royal-canin-babycat-gestacion-lactancia.jpg
BabyCat Gestación/Lactancia -- 4 Kg.,25.49 €,https://www.petsonic.com/16492-large_default/pienso-para-gatos-royal-canin-babycat-gestacion-lactancia.jpg
BabyCat Gestación/Lactancia -- Pack 2 x 4 Kg,49.71 €,https://www.petsonic.com/16492-large_default/pienso-para-gatos-royal-canin-babycat-gestacion-lactancia.jpg
BabyCat Instinctive Húmedo 195 gr. -- 12 Unidades.,23.99 €,https://www.petsonic.com/9204-large_default/comida-lata-para-gatos-royal-canin-babycat-instinctive-humedo-195-gr.jpg
Leche para Gatitos -- 300 Gr.,14.99 €,https://www.petsonic.com/10032-large_default/comida-lata-para-gatos-royal-canin-leche-para-gatitos.jpg
Kitten -- 400 Gr.,3.99 €,https://www.petsonic.com/16494-large_default/pienso-para-gatos-royal-canin-kitten.jpg
Kitten -- 2 Kg.,14.49 €,https://www.petsonic.com/16494-large_default/pienso-para-gatos-royal-canin-kitten.jpg
Kitten -- 4 Kg.,23.99 €,https://www.petsonic.com/16494-large_default/pienso-para-gatos-royal-canin-kitten.jpg
Kitten -- 10 Kg,44.99 €,https://www.petsonic.com/16494-large_default/pienso-para-gatos-royal-canin-kitten.jpg
Kitten -- Pack 2 x 10 Kg,87.73 €,https://www.petsonic.com/16494-large_default/pienso-para-gatos-royal-canin-kitten.jpg
Kitten Instinctive Pouch 85gr. -- 12 Unidades.,10.99 €,https://www.petsonic.com/13515-large_default/comida-lata-para-gatos-royal-canin-kitten-instinctive-pouch-85gr.jpg
Kitten Instinctive Pouch ( Jelly ) 85gr. -- 12 Unidades.,11.95 €,https://www.petsonic.com/13516-large_default/comida-lata-para-gatos-royal-canin-kitten-instinctive-pouch-jelly-85gr.jpg
Kitten Sterilizado -- 400 Gr.,3.99 €,https://www.petsonic.com/16503-large_default/pienso-para-gatos-royal-canin-kitten-sterilizado.jpg
Kitten Sterilizado -- 2 Kg.,14.49 €,https://www.petsonic.com/16503-large_default/pienso-para-gatos-royal-canin-kitten-sterilizado.jpg
"Kitten Sterilizado -- 3,5 Kg.",24.49 €,https://www.petsonic.com/16503-large_default/pienso-para-gatos-royal-canin-kitten-sterilizado.jpg
"Kitten Sterilizado -- Pack 2 x 3,5 Kg",47.76 €,https://www.petsonic.com/16503-large_default/pienso-para-gatos-royal-canin-kitten-sterilizado.jpg
Indoor 27 -- 400 Gr.,3.99 €,https://www.petsonic.com/16505-large_default/pienso-para-gatos-royal-canin-indoor-27.jpg
Indoor 27 -- 2 Kg.,14.49 €,https://www.petsonic.com/16505-large_default/pienso-para-gatos-royal-canin-indoor-27.jpg
Indoor 27 -- 4 Kg.,22.99 €,https://www.petsonic.com/16505-large_default/pienso-para-gatos-royal-canin-indoor-27.jpg
Indoor 27 -- 10 Kg,44.49 €,https://www.petsonic.com/16505-large_default/pienso-para-gatos-royal-canin-indoor-27.jpg
Indoor 27 -- Pack 2 x 10 Kg,86.76 €,https://www.petsonic.com/16505-large_default/pienso-para-gatos-royal-canin-indoor-27.jpg
Instinctive in Gravy Pouch 85gr. -- 12 Unidades.,11.95 €,https://www.petsonic.com/13517-large_default/comida-lata-para-gatos-royal-canin-instinctive-in-gravy-pouch-85gr.jpg
Instinctive  (Jelly)Pouch 85gr. -- 12 Unidades.,10.99 €,https://www.petsonic.com/13518-large_default/comida-lata-para-gatos-royal-canin-instinctive-jelly-pouch-85gr.jpg
Indoor Control del Apetito -- 400 Gr.,3.99 €,https://www.petsonic.com/16515-large_default/pienso-para-gatos-royal-canin-indoor-control-apetito.jpg
Indoor Control del Apetito -- 2 Kg.,14.99 €,https://www.petsonic.com/16515-large_default/pienso-para-gatos-royal-canin-indoor-control-apetito.jpg
Indoor Control del Apetito -- 4 Kg.,25.49 €,https://www.petsonic.com/16515-large_default/pienso-para-gatos-royal-canin-indoor-control-apetito.jpg
Indoor Control del Apetito -- Pack 2 x 4 Kg,49.71 €,https://www.petsonic.com/16515-large_default/pienso-para-gatos-royal-canin-indoor-control-apetito.jpg
Outdoor 30 -- 2 Kg.,13.49 €,https://www.petsonic.com/16506-large_default/pienso-para-gatos-royal-canin-outdoor-30.jpg
Outdoor 30 -- Pack 2 x 2 Kg,26.31 €,https://www.petsonic.com/16506-large_default/pienso-para-gatos-royal-canin-outdoor-30.jpg
Fit 32 Equilibrio Nutricional -- 400 Gr.,3.99 €,https://www.petsonic.com/16504-large_default/pienso-para-gatos-royal-canin-fit-32-equilibrio-nutricional.jpg
Fit 32 Equilibrio Nutricional -- 2 Kg.,12.49 €,https://www.petsonic.com/16504-large_default/pienso-para-gatos-royal-canin-fit-32-equilibrio-nutricional.jpg
Fit 32 Equilibrio Nutricional -- 4 Kg.,21.49 €,https://www.petsonic.com/16504-large_default/pienso-para-gatos-royal-canin-fit-32-equilibrio-nutricional.jpg
Fit 32 Equilibrio Nutricional -- 10 Kg,42.49 €,https://www.petsonic.com/16504-large_default/pienso-para-gatos-royal-canin-fit-32-equilibrio-nutricional.jpg
Fit 32 Equilibrio Nutricional -- Pack 2 x 10 Kg,82.86 €,https://www.petsonic.com/16504-large_default/pienso-para-gatos-royal-canin-fit-32-equilibrio-nutricional.jpg
Sterilised 37 Gatos Esterilizados -- 400 Gr.,5.49 €,https://www.petsonic.com/16508-large_default/pienso-para-gatos-royal-canin-sterilised-37-esterilizados.jpg
Sterilised 37 Gatos Esterilizados -- 2 Kg.,13.99 €,https://www.petsonic.com/16508-large_default/pienso-para-gatos-royal-canin-sterilised-37-esterilizados.jpg
Sterilised 37 Gatos Esterilizados -- 4 Kg.,24.49 €,https://www.petsonic.com/16508-large_default/pienso-para-gatos-royal-canin-sterilised-37-esterilizados.jpg
Sterilised 37 Gatos Esterilizados -- 10 Kg,44.49 €,https://www.petsonic.com/16508-large_default/pienso-para-gatos-royal-canin-sterilised-37-esterilizados.jpg
Sterilised 37 Gatos Esterilizados -- Pack 2 x 10 Kg,86.76 €,https://www.petsonic.com/16508-large_default/pienso-para-gatos-royal-canin-sterilised-37-esterilizados.jpg
Sterilised Pouch 85gr. -- 12 Unidades.,10.99 €,https://www.petsonic.com/13522-large_default/comida-lata-para-gatos-royal-canin-sterilised-pouch-85gr.jpg
Sterilised Pouch ( Jelly ) 85 gr -- 12 Unidades.,10.99 €,https://www.petsonic.com/13526-large_default/comida-lata-para-gatos-royal-canin-sterilised-pouch-jelly-85-gr.jpg
Sterilizado Control de Apetito -- 400 Gr.,5.95 €,https://www.petsonic.com/16510-large_default/pienso-para-gatos-royal-canin-sterilizado-control-apetito.jpg
Sterilizado Control de Apetito -- 2 Kg.,14.49 €,https://www.petsonic.com/16510-large_default/pienso-para-gatos-royal-canin-sterilizado-control-apetito.jpg
Sterilizado Control de Apetito -- 4 Kg.,25.49 €,https://www.petsonic.com/16510-large_default/pienso-para-gatos-royal-canin-sterilizado-control-apetito.jpg
Sterilizado Control de Apetito -- 10 Kg,44.49 €,https://www.petsonic.com/16510-large_default/pienso-para-gatos-royal-canin-sterilizado-control-apetito.jpg
Sterilizado Control de Apetito -- Pack 2 x 10 Kg,86.76 €,https://www.petsonic.com/16510-large_default/pienso-para-gatos-royal-canin-sterilizado-control-apetito.jpg
Exigent Savour Sensation -- 400 Gr.,3.99 €,https://www.petsonic.com/16514-large_default/pienso-para-gatos-royal-canin-exigent-savour-sensation.jpg
Exigent Savour Sensation -- 2 Kg.,15.49 €,https://www.petsonic.com/16514-large_default/pienso-para-gatos-royal-canin-exigent-savour-sensation.jpg
Exigent Savour Sensation -- 4 Kg.,26.49 €,https://www.petsonic.com/16514-large_default/pienso-para-gatos-royal-canin-exigent-savour-sensation.jpg
Exigent Savour Sensation -- 10 Kg,45.49 €,https://www.petsonic.com/16514-large_default/pienso-para-gatos-royal-canin-exigent-savour-sensation.jpg
Exigent Savour Sensation -- Pack 2 x 10 Kg,88.71 €,https://www.petsonic.com/16514-large_default/pienso-para-gatos-royal-canin-exigent-savour-sensation.jpg
Exigent 33 Aromatic -- 400 Gr.,5.49 €,https://www.petsonic.com/16513-large_default/pienso-para-gatos-royal-canin-exigent-33-aromatic.jpg
Exigent 33 Aromatic -- 2 Kg.,14.99 €,https://www.petsonic.com/16513-large_default/pienso-para-gatos-royal-canin-exigent-33-aromatic.jpg
Exigent 33 Aromatic -- Pack 2 x 2 Kg,29.23 €,https://www.petsonic.com/16513-large_default/pienso-para-gatos-royal-canin-exigent-33-aromatic.jpg
Exigent 42 Protein -- 400 Gr.,4.49 €,https://www.petsonic.com/9216-large_default/pienso-para-gatos-royal-canin-exigent-42-protein.jpg
Exigent 42 Protein -- 2 Kg.,15.49 €,https://www.petsonic.com/9216-large_default/pienso-para-gatos-royal-canin-exigent-42-protein.jpg
Exigent 42 Protein -- Pack 2 x 2 Kg,29.90 €,https://www.petsonic.com/9216-large_default/pienso-para-gatos-royal-canin-exigent-42-protein.jpg
